config,frames,inside_fov_pct,in_box_near_pct,in_box_mid_pct,in_box_far_pct,in_box_pct,edge_ratio_mean,detect_rate_edge<0.9
baseline,20,15.75,99.60,99.46,99.75,99.57,1.00,0.00
yaw_0.5deg,20,15.76,98.16,96.03,89.06,97.25,0.96,5.00
yaw_1deg,20,15.76,95.80,88.81,71.29,93.03,0.93,25.00
yaw_2deg,20,15.77,89.34,76.94,43.94,84.35,0.90,45.00
yaw_3deg,20,15.77,83.18,65.80,26.97,76.51,0.89,45.00
pitch_0.5deg,20,15.38,98.00,99.01,93.54,98.06,0.91,30.00
pitch_1deg,20,15.02,96.07,93.37,69.98,94.30,0.86,65.00
pitch_2deg,20,14.27,88.84,77.19,37.54,83.79,0.80,80.00
pitch_3deg,20,13.50,78.28,58.82,16.90,70.87,0.71,95.00
roll_0.5deg,20,15.76,99.36,99.26,99.75,99.35,0.99,5.00
roll_1deg,20,15.76,98.74,98.14,99.56,98.63,0.96,25.00
roll_2deg,20,15.75,96.91,95.01,98.32,96.50,0.92,30.00
roll_3deg,20,15.79,94.35,91.05,94.34,93.53,0.89,35.00
tx_2cm,20,15.81,99.82,99.48,99.75,99.73,1.00,0.00
tx_5cm,20,15.92,99.80,99.49,99.69,99.72,1.00,0.00
tx_10cm,20,16.08,99.70,99.49,99.69,99.65,1.00,0.00
ty_2cm,20,15.76,99.34,99.37,99.56,99.36,1.00,0.00
ty_5cm,20,15.76,98.80,99.13,99.44,98.91,0.99,0.00
ty_10cm,20,15.76,97.75,98.42,98.88,97.96,0.98,0.00
tz_2cm,20,15.91,99.80,99.41,99.75,99.70,1.02,0.00
tz_5cm,20,16.12,99.26,99.18,99.63,99.25,1.01,0.00
tz_10cm,20,16.48,97.02,97.96,97.58,97.28,0.97,15.00
