frame,config,factor,level,n_points,inside_fov_pct,n_objects,obj_points,in_box_pct,edge_points,edge_score,edge_ratio,in_box_near_pct,obj_points_near,in_box_mid_pct,obj_points_mid,in_box_far_pct,obj_points_far
scene-0103_000,baseline,baseline,0,34752,8.5866,0,0,,170,0.2205,1.0000,,0,,0,,0
scene-0103_000,yaw_0.5deg,yaw,0.5deg,34752,8.5520,0,0,,168,0.1982,0.8987,,0,,0,,0
scene-0103_000,yaw_1deg,yaw,1deg,34752,8.5146,0,0,,168,0.1803,0.8176,,0,,0,,0
scene-0103_000,yaw_2deg,yaw,2deg,34752,8.4427,0,0,,163,0.2078,0.9426,,0,,0,,0
scene-0103_000,yaw_3deg,yaw,3deg,34752,8.3851,0,0,,163,0.2150,0.9751,,0,,0,,0
scene-0103_000,pitch_0.5deg,pitch,0.5deg,34752,8.6096,0,0,,170,0.2201,0.9981,,0,,0,,0
scene-0103_000,pitch_1deg,pitch,1deg,34752,8.6182,0,0,,172,0.2400,1.0885,,0,,0,,0
scene-0103_000,pitch_2deg,pitch,2deg,34752,8.6153,0,0,,172,0.2051,0.9301,,0,,0,,0
scene-0103_000,pitch_3deg,pitch,3deg,34752,8.6240,0,0,,169,0.2225,1.0093,,0,,0,,0
scene-0103_000,roll_0.5deg,roll,0.5deg,34752,8.7045,0,0,,172,0.2109,0.9565,,0,,0,,0
scene-0103_000,roll_1deg,roll,1deg,34752,8.9865,0,0,,172,0.1885,0.8550,,0,,0,,0
scene-0103_000,roll_2deg,roll,2deg,34752,9.2973,0,0,,171,0.1515,0.6870,,0,,0,,0
scene-0103_000,roll_3deg,roll,3deg,34752,9.6512,0,0,,170,0.1389,0.6302,,0,,0,,0
scene-0103_000,tx_2cm,tx,2cm,34752,8.5923,0,0,,172,0.2153,0.9763,,0,,0,,0
scene-0103_000,tx_5cm,tx,5cm,34752,8.5923,0,0,,177,0.2100,0.9524,,0,,0,,0
scene-0103_000,tx_10cm,tx,10cm,34752,8.6038,0,0,,181,0.2140,0.9705,,0,,0,,0
scene-0103_000,ty_2cm,ty,2cm,34752,8.6240,0,0,,172,0.2210,1.0025,,0,,0,,0
scene-0103_000,ty_5cm,ty,5cm,34752,8.6642,0,0,,172,0.2185,0.9908,,0,,0,,0
scene-0103_000,ty_10cm,ty,10cm,34752,8.7247,0,0,,177,0.2107,0.9556,,0,,0,,0
scene-0103_000,tz_2cm,tz,2cm,34752,8.6384,0,0,,171,0.2190,0.9931,,0,,0,,0
scene-0103_000,tz_5cm,tz,5cm,34752,8.6988,0,0,,175,0.2188,0.9922,,0,,0,,0
scene-0103_000,tz_10cm,tz,10cm,34752,8.9952,0,0,,177,0.2361,1.0707,,0,,0,,0
scene-0103_004,baseline,baseline,0,34784,8.8029,2,69,100.0000,118,0.2356,1.0000,100.0000,53,100.0000,16,,0
scene-0103_004,yaw_0.5deg,yaw,0.5deg,34784,8.7741,2,69,100.0000,118,0.1646,0.6990,100.0000,53,100.0000,16,,0
scene-0103_004,yaw_1deg,yaw,1deg,34784,8.7856,2,69,98.5507,117,0.1753,0.7441,100.0000,53,93.7500,16,,0
scene-0103_004,yaw_2deg,yaw,2deg,34784,8.8115,2,69,84.0580,121,0.2027,0.8604,96.2264,53,43.7500,16,,0
scene-0103_004,yaw_3deg,yaw,3deg,34784,8.8345,2,69,68.1159,123,0.1939,0.8229,88.6792,53,0.0000,16,,0
scene-0103_004,pitch_0.5deg,pitch,0.5deg,34784,8.8144,2,69,100.0000,117,0.2242,0.9516,100.0000,53,100.0000,16,,0
scene-0103_004,pitch_1deg,pitch,1deg,34784,8.8115,2,69,100.0000,118,0.2053,0.8714,100.0000,53,100.0000,16,,0
scene-0103_004,pitch_2deg,pitch,2deg,34784,8.8000,2,69,100.0000,118,0.1975,0.8386,100.0000,53,100.0000,16,,0
scene-0103_004,pitch_3deg,pitch,3deg,34784,8.8230,2,69,97.1014,116,0.1894,0.8042,100.0000,53,87.5000,16,,0
scene-0103_004,roll_0.5deg,roll,0.5deg,34784,8.9064,2,69,100.0000,118,0.2129,0.9040,100.0000,53,100.0000,16,,0
scene-0103_004,roll_1deg,roll,1deg,34784,9.1824,2,69,100.0000,117,0.1822,0.7736,100.0000,53,100.0000,16,,0
scene-0103_004,roll_2deg,roll,2deg,34784,9.4929,2,69,91.3043,118,0.2056,0.8727,92.4528,53,87.5000,16,,0
scene-0103_004,roll_3deg,roll,3deg,34784,9.8321,2,69,85.5072,115,0.2137,0.9071,84.9057,53,87.5000,16,,0
scene-0103_004,tx_2cm,tx,2cm,34784,8.7943,2,69,100.0000,118,0.2341,0.9937,100.0000,53,100.0000,16,,0
scene-0103_004,tx_5cm,tx,5cm,34784,8.7856,2,69,100.0000,117,0.2172,0.9222,100.0000,53,100.0000,16,,0
scene-0103_004,tx_10cm,tx,10cm,34784,8.7828,2,69,100.0000,116,0.1798,0.7632,100.0000,53,100.0000,16,,0
scene-0103_004,ty_2cm,ty,2cm,34784,8.8230,2,69,100.0000,117,0.2343,0.9947,100.0000,53,100.0000,16,,0
scene-0103_004,ty_5cm,ty,5cm,34784,8.8546,2,69,100.0000,120,0.2380,1.0102,100.0000,53,100.0000,16,,0
scene-0103_004,ty_10cm,ty,10cm,34784,8.9351,2,69,100.0000,118,0.2172,0.9223,100.0000,53,100.0000,16,,0
scene-0103_004,tz_2cm,tz,2cm,34784,8.8489,2,69,100.0000,118,0.2255,0.9571,100.0000,53,100.0000,16,,0
scene-0103_004,tz_5cm,tz,5cm,34784,8.9093,2,69,100.0000,121,0.2237,0.9498,100.0000,53,100.0000,16,,0
scene-0103_004,tz_10cm,tz,10cm,34784,9.1996,2,69,100.0000,127,0.2475,1.0505,100.0000,53,100.0000,16,,0
scene-0103_008,baseline,baseline,0,34720,8.5484,2,98,100.0000,95,0.2436,1.0000,100.0000,52,100.0000,46,,0
scene-0103_008,yaw_0.5deg,yaw,0.5deg,34720,8.5541,2,98,90.8163,95,0.1749,0.7180,82.6923,52,100.0000,46,,0
scene-0103_008,yaw_1deg,yaw,1deg,34720,8.5599,2,98,80.6122,96,0.1548,0.6353,63.4615,52,100.0000,46,,0
scene-0103_008,yaw_2deg,yaw,2deg,34720,8.5772,2,98,59.1837,96,0.1677,0.6886,32.6923,52,89.1304,46,,0
scene-0103_008,yaw_3deg,yaw,3deg,34720,8.5858,2,98,39.7959,94,0.1725,0.7081,5.7692,52,78.2609,46,,0
scene-0103_008,pitch_0.5deg,pitch,0.5deg,34720,8.5657,2,98,100.0000,95,0.2341,0.9608,100.0000,52,100.0000,46,,0
scene-0103_008,pitch_1deg,pitch,1deg,34720,8.5599,2,98,95.9184,95,0.2088,0.8571,92.3077,52,100.0000,46,,0
scene-0103_008,pitch_2deg,pitch,2deg,34720,8.5685,2,98,94.8980,95,0.2000,0.8209,90.3846,52,100.0000,46,,0
scene-0103_008,pitch_3deg,pitch,3deg,34720,8.5772,2,98,93.8776,94,0.1815,0.7452,88.4615,52,100.0000,46,,0
scene-0103_008,roll_0.5deg,roll,0.5deg,34720,8.6463,2,98,100.0000,95,0.2099,0.8615,100.0000,52,100.0000,46,,0
scene-0103_008,roll_1deg,roll,1deg,34720,8.9315,2,98,100.0000,95,0.1831,0.7515,100.0000,52,100.0000,46,,0
scene-0103_008,roll_2deg,roll,2deg,34720,9.2569,2,98,100.0000,97,0.2316,0.9507,100.0000,52,100.0000,46,,0
scene-0103_008,roll_3deg,roll,3deg,34720,9.5881,2,98,89.7959,94,0.1861,0.7638,100.0000,52,78.2609,46,,0
scene-0103_008,tx_2cm,tx,2cm,34720,8.5397,2,98,100.0000,96,0.2311,0.9486,100.0000,52,100.0000,46,,0
scene-0103_008,tx_5cm,tx,5cm,34720,8.5369,2,98,100.0000,98,0.2325,0.9543,100.0000,52,100.0000,46,,0
scene-0103_008,tx_10cm,tx,10cm,34720,8.5455,2,98,100.0000,96,0.2197,0.9020,100.0000,52,100.0000,46,,0
scene-0103_008,ty_2cm,ty,2cm,34720,8.5772,2,98,100.0000,96,0.2373,0.9740,100.0000,52,100.0000,46,,0
scene-0103_008,ty_5cm,ty,5cm,34720,8.6175,2,98,100.0000,97,0.2285,0.9382,100.0000,52,100.0000,46,,0
scene-0103_008,ty_10cm,ty,10cm,34720,8.6982,2,98,100.0000,98,0.2242,0.9205,100.0000,52,100.0000,46,,0
scene-0103_008,tz_2cm,tz,2cm,34720,8.5916,2,98,100.0000,95,0.2513,1.0317,100.0000,52,100.0000,46,,0
scene-0103_008,tz_5cm,tz,5cm,34720,8.6434,2,98,100.0000,93,0.2496,1.0245,100.0000,52,100.0000,46,,0
scene-0103_008,tz_10cm,tz,10cm,34720,8.9574,2,98,100.0000,97,0.2356,0.9670,100.0000,52,100.0000,46,,0
scene-0103_012,baseline,baseline,0,34688,8.7148,3,108,100.0000,130,0.0828,1.0000,,0,100.0000,108,,0
scene-0103_012,yaw_0.5deg,yaw,0.5deg,34688,8.6946,3,108,100.0000,129,0.0913,1.1021,,0,100.0000,108,,0
scene-0103_012,yaw_1deg,yaw,1deg,34688,8.7062,3,108,97.2222,133,0.0966,1.1664,,0,97.2222,108,,0
scene-0103_012,yaw_2deg,yaw,2deg,34688,8.6975,3,108,91.6667,125,0.0850,1.0261,,0,91.6667,108,,0
scene-0103_012,yaw_3deg,yaw,3deg,34688,8.6860,3,108,83.3333,121,0.0688,0.8303,,0,83.3333,108,,0
scene-0103_012,pitch_0.5deg,pitch,0.5deg,34688,8.7292,3,108,100.0000,131,0.0830,1.0017,,0,100.0000,108,,0
scene-0103_012,pitch_1deg,pitch,1deg,34688,8.7292,3,108,100.0000,128,0.0687,0.8292,,0,100.0000,108,,0
scene-0103_012,pitch_2deg,pitch,2deg,34688,8.7264,3,108,100.0000,132,0.0676,0.8160,,0,100.0000,108,,0
scene-0103_012,pitch_3deg,pitch,3deg,34688,8.7206,3,108,95.3704,133,0.0970,1.1713,,0,95.3704,108,,0
scene-0103_012,roll_0.5deg,roll,0.5deg,34688,8.8186,3,108,100.0000,127,0.0952,1.1497,,0,100.0000,108,,0
scene-0103_012,roll_1deg,roll,1deg,34688,9.1011,3,108,93.5185,132,0.1059,1.2783,,0,93.5185,108,,0
scene-0103_012,roll_2deg,roll,2deg,34688,9.4355,3,108,84.2593,126,0.0956,1.1547,,0,84.2593,108,,0
scene-0103_012,roll_3deg,roll,3deg,34688,9.7555,3,108,65.7407,131,0.0836,1.0096,,0,65.7407,108,,0
scene-0103_012,tx_2cm,tx,2cm,34688,8.7091,3,108,100.0000,132,0.0928,1.1208,,0,100.0000,108,,0
scene-0103_012,tx_5cm,tx,5cm,34688,8.7062,3,108,100.0000,136,0.0756,0.9133,,0,100.0000,108,,0
scene-0103_012,tx_10cm,tx,10cm,34688,8.7033,3,108,100.0000,138,0.0754,0.9106,,0,100.0000,108,,0
scene-0103_012,ty_2cm,ty,2cm,34688,8.7465,3,108,100.0000,134,0.0912,1.1017,,0,100.0000,108,,0
scene-0103_012,ty_5cm,ty,5cm,34688,8.7783,3,108,100.0000,132,0.0958,1.1568,,0,100.0000,108,,0
scene-0103_012,ty_10cm,ty,10cm,34688,8.8446,3,108,100.0000,136,0.0981,1.1848,,0,100.0000,108,,0
scene-0103_012,tz_2cm,tz,2cm,34688,8.7667,3,108,100.0000,128,0.0789,0.9524,,0,100.0000,108,,0
scene-0103_012,tz_5cm,tz,5cm,34688,8.8186,3,108,100.0000,128,0.0780,0.9418,,0,100.0000,108,,0
scene-0103_012,tz_10cm,tz,10cm,34688,9.1271,3,108,100.0000,129,0.0923,1.1141,,0,100.0000,108,,0
scene-0103_016,baseline,baseline,0,34720,8.4994,2,296,99.3243,185,0.1338,1.0000,99.3243,296,,0,,0
scene-0103_016,yaw_0.5deg,yaw,0.5deg,34720,8.4735,2,296,99.6622,182,0.1257,0.9396,99.6622,296,,0,,0
scene-0103_016,yaw_1deg,yaw,1deg,34720,8.4677,2,296,99.3243,179,0.1334,0.9965,99.3243,296,,0,,0
scene-0103_016,yaw_2deg,yaw,2deg,34720,8.4620,2,296,95.9459,168,0.0973,0.7267,95.9459,296,,0,,0
scene-0103_016,yaw_3deg,yaw,3deg,34720,8.4533,2,296,90.8784,166,0.1148,0.8575,90.8784,296,,0,,0
scene-0103_016,pitch_0.5deg,pitch,0.5deg,34720,8.5081,2,296,100.0000,179,0.1180,0.8818,100.0000,296,,0,,0
scene-0103_016,pitch_1deg,pitch,1deg,34720,8.5225,2,296,100.0000,179,0.0962,0.7185,100.0000,296,,0,,0
scene-0103_016,pitch_2deg,pitch,2deg,34720,8.5138,2,296,100.0000,180,0.0911,0.6809,100.0000,296,,0,,0
scene-0103_016,pitch_3deg,pitch,3deg,34720,8.5196,2,296,97.2973,181,0.0941,0.7034,97.2973,296,,0,,0
scene-0103_016,roll_0.5deg,roll,0.5deg,34720,8.6060,2,296,100.0000,182,0.0890,0.6648,100.0000,296,,0,,0
scene-0103_016,roll_1deg,roll,1deg,34720,8.9113,2,296,97.9730,184,0.0820,0.6128,97.9730,296,,0,,0
scene-0103_016,roll_2deg,roll,2deg,34720,9.2627,2,296,88.1757,186,0.0612,0.4577,88.1757,296,,0,,0
scene-0103_016,roll_3deg,roll,3deg,34720,9.5737,2,296,77.7027,187,0.0764,0.5708,77.7027,296,,0,,0
scene-0103_016,tx_2cm,tx,2cm,34720,8.4994,2,296,98.6486,184,0.1252,0.9359,98.6486,296,,0,,0
scene-0103_016,tx_5cm,tx,5cm,34720,8.5023,2,296,98.3108,188,0.1246,0.9308,98.3108,296,,0,,0
scene-0103_016,tx_10cm,tx,10cm,34720,8.4994,2,296,96.9595,185,0.1244,0.9294,96.9595,296,,0,,0
scene-0103_016,ty_2cm,ty,2cm,34720,8.5282,2,296,100.0000,179,0.1297,0.9692,100.0000,296,,0,,0
scene-0103_016,ty_5cm,ty,5cm,34720,8.5743,2,296,100.0000,184,0.1308,0.9773,100.0000,296,,0,,0
scene-0103_016,ty_10cm,ty,10cm,34720,8.6348,2,296,100.0000,186,0.1281,0.9569,100.0000,296,,0,,0
scene-0103_016,tz_2cm,tz,2cm,34720,8.5513,2,296,99.3243,187,0.1241,0.9274,99.3243,296,,0,,0
scene-0103_016,tz_5cm,tz,5cm,34720,8.6002,2,296,99.6622,191,0.1157,0.8643,99.6622,296,,0,,0
scene-0103_016,tz_10cm,tz,10cm,34720,8.9084,2,296,99.6622,189,0.1089,0.8134,99.6622,296,,0,,0
scene-0103_020,baseline,baseline,0,34752,8.6038,4,186,100.0000,196,0.1042,1.0000,100.0000,51,100.0000,135,,0
scene-0103_020,yaw_0.5deg,yaw,0.5deg,34752,8.5808,4,186,100.0000,201,0.1031,0.9896,100.0000,51,100.0000,135,,0
scene-0103_020,yaw_1deg,yaw,1deg,34752,8.5549,4,186,99.4624,198,0.1354,1.2989,100.0000,51,99.2593,135,,0
scene-0103_020,yaw_2deg,yaw,2deg,34752,8.5319,4,186,92.4731,195,0.1102,1.0575,92.1569,51,92.5926,135,,0
scene-0103_020,yaw_3deg,yaw,3deg,34752,8.5175,4,186,83.8710,190,0.0976,0.9367,78.4314,51,85.9259,135,,0
scene-0103_020,pitch_0.5deg,pitch,0.5deg,34752,8.6297,4,186,100.0000,200,0.1074,1.0309,100.0000,51,100.0000,135,,0
scene-0103_020,pitch_1deg,pitch,1deg,34752,8.6268,4,186,100.0000,202,0.1244,1.1933,100.0000,51,100.0000,135,,0
scene-0103_020,pitch_2deg,pitch,2deg,34752,8.6067,4,186,98.3871,202,0.1163,1.1156,100.0000,51,97.7778,135,,0
scene-0103_020,pitch_3deg,pitch,3deg,34752,8.6096,4,186,93.0108,204,0.1166,1.1190,100.0000,51,90.3704,135,,0
scene-0103_020,roll_0.5deg,roll,0.5deg,34752,8.7160,4,186,100.0000,198,0.1006,0.9657,100.0000,51,100.0000,135,,0
scene-0103_020,roll_1deg,roll,1deg,34752,9.0268,4,186,92.4731,199,0.1095,1.0504,100.0000,51,89.6296,135,,0
scene-0103_020,roll_2deg,roll,2deg,34752,9.3865,4,186,87.6344,200,0.0804,0.7712,100.0000,51,82.9630,135,,0
scene-0103_020,roll_3deg,roll,3deg,34752,9.6887,4,186,73.6559,199,0.0885,0.8489,100.0000,51,63.7037,135,,0
scene-0103_020,tx_2cm,tx,2cm,34752,8.6125,4,186,99.4624,203,0.1145,1.0983,98.0392,51,100.0000,135,,0
scene-0103_020,tx_5cm,tx,5cm,34752,8.6125,4,186,97.3118,203,0.1173,1.1257,90.1961,51,100.0000,135,,0
scene-0103_020,tx_10cm,tx,10cm,34752,8.6153,4,186,95.6989,208,0.1095,1.0510,84.3137,51,100.0000,135,,0
scene-0103_020,ty_2cm,ty,2cm,34752,8.6384,4,186,100.0000,201,0.1077,1.0335,100.0000,51,100.0000,135,,0
scene-0103_020,ty_5cm,ty,5cm,34752,8.6729,4,186,100.0000,205,0.1112,1.0665,100.0000,51,100.0000,135,,0
scene-0103_020,ty_10cm,ty,10cm,34752,8.7477,4,186,100.0000,201,0.1097,1.0526,100.0000,51,100.0000,135,,0
scene-0103_020,tz_2cm,tz,2cm,34752,8.6556,4,186,100.0000,196,0.1172,1.1247,100.0000,51,100.0000,135,,0
scene-0103_020,tz_5cm,tz,5cm,34752,8.7132,4,186,100.0000,199,0.1256,1.2051,100.0000,51,100.0000,135,,0
scene-0103_020,tz_10cm,tz,10cm,34752,9.0268,4,186,100.0000,197,0.1444,1.3857,100.0000,51,100.0000,135,,0
scene-0103_024,baseline,baseline,0,34688,8.5101,4,135,100.0000,191,0.1357,1.0000,100.0000,99,100.0000,26,100.0000,10
scene-0103_024,yaw_0.5deg,yaw,0.5deg,34688,8.5044,4,135,91.1111,185,0.1287,0.9484,89.8990,99,92.3077,26,100.0000,10
scene-0103_024,yaw_1deg,yaw,1deg,34688,8.5101,4,135,83.7037,183,0.1097,0.8087,81.8182,99,88.4615,26,90.0000,10
scene-0103_024,yaw_2deg,yaw,2deg,34688,8.5274,4,135,68.8889,186,0.1113,0.8198,68.6869,99,76.9231,26,50.0000,10
scene-0103_024,yaw_3deg,yaw,3deg,34688,8.5217,4,135,53.3333,181,0.1256,0.9252,53.5354,99,65.3846,26,20.0000,10
scene-0103_024,pitch_0.5deg,pitch,0.5deg,34688,8.5274,4,135,99.2593,192,0.1237,0.9115,98.9899,99,100.0000,26,100.0000,10
scene-0103_024,pitch_1deg,pitch,1deg,34688,8.5361,4,135,98.5185,195,0.1160,0.8546,97.9798,99,100.0000,26,100.0000,10
scene-0103_024,pitch_2deg,pitch,2deg,34688,8.5246,4,135,91.8519,192,0.1041,0.7670,94.9495,99,76.9231,26,100.0000,10
scene-0103_024,pitch_3deg,pitch,3deg,34688,8.5159,4,135,90.3704,194,0.1006,0.7412,94.9495,99,69.2308,26,100.0000,10
scene-0103_024,roll_0.5deg,roll,0.5deg,34688,8.6168,4,135,100.0000,190,0.0928,0.6836,100.0000,99,100.0000,26,100.0000,10
scene-0103_024,roll_1deg,roll,1deg,34688,8.9137,4,135,99.2593,191,0.0738,0.5437,100.0000,99,100.0000,26,90.0000,10
scene-0103_024,roll_2deg,roll,2deg,34688,9.2827,4,135,93.3333,190,0.0772,0.5686,100.0000,99,69.2308,26,90.0000,10
scene-0103_024,roll_3deg,roll,3deg,34688,9.5883,4,135,78.5185,186,0.0707,0.5207,90.9091,99,61.5385,26,0.0000,10
scene-0103_024,tx_2cm,tx,2cm,34688,8.5044,4,135,100.0000,195,0.1324,0.9759,100.0000,99,100.0000,26,100.0000,10
scene-0103_024,tx_5cm,tx,5cm,34688,8.5303,4,135,100.0000,196,0.1319,0.9718,100.0000,99,100.0000,26,100.0000,10
scene-0103_024,tx_10cm,tx,10cm,34688,8.5217,4,135,100.0000,205,0.1302,0.9591,100.0000,99,100.0000,26,100.0000,10
scene-0103_024,ty_2cm,ty,2cm,34688,8.5361,4,135,100.0000,189,0.1403,1.0339,100.0000,99,100.0000,26,100.0000,10
scene-0103_024,ty_5cm,ty,5cm,34688,8.5765,4,135,100.0000,191,0.1363,1.0041,100.0000,99,100.0000,26,100.0000,10
scene-0103_024,ty_10cm,ty,10cm,34688,8.6514,4,135,100.0000,197,0.1291,0.9515,100.0000,99,100.0000,26,100.0000,10
scene-0103_024,tz_2cm,tz,2cm,34688,8.5592,4,135,100.0000,192,0.1207,0.8894,100.0000,99,100.0000,26,100.0000,10
scene-0103_024,tz_5cm,tz,5cm,34688,8.6139,4,135,100.0000,192,0.1117,0.8229,100.0000,99,100.0000,26,100.0000,10
scene-0103_024,tz_10cm,tz,10cm,34688,8.9166,4,135,100.0000,193,0.1285,0.9468,100.0000,99,100.0000,26,100.0000,10
scene-0103_028,baseline,baseline,0,34720,8.0386,3,62,100.0000,174,0.1104,1.0000,,0,100.0000,40,100.0000,22
scene-0103_028,yaw_0.5deg,yaw,0.5deg,34720,8.0530,3,62,98.3871,176,0.1100,0.9967,,0,97.5000,40,100.0000,22
scene-0103_028,yaw_1deg,yaw,1deg,34720,8.0703,3,62,93.5484,177,0.0974,0.8821,,0,92.5000,40,95.4545,22
scene-0103_028,yaw_2deg,yaw,2deg,34720,8.0847,3,62,80.6452,180,0.0864,0.7824,,0,80.0000,40,81.8182,22
scene-0103_028,yaw_3deg,yaw,3deg,34720,8.1192,3,62,54.8387,179,0.0916,0.8295,,0,50.0000,40,63.6364,22
scene-0103_028,pitch_0.5deg,pitch,0.5deg,34720,8.0444,3,62,100.0000,176,0.1215,1.1009,,0,100.0000,40,100.0000,22
scene-0103_028,pitch_1deg,pitch,1deg,34720,8.0559,3,62,100.0000,176,0.1116,1.0115,,0,100.0000,40,100.0000,22
scene-0103_028,pitch_2deg,pitch,2deg,34720,8.0501,3,62,100.0000,176,0.1185,1.0739,,0,100.0000,40,100.0000,22
scene-0103_028,pitch_3deg,pitch,3deg,34720,8.0444,3,62,83.8710,176,0.1333,1.2079,,0,75.0000,40,100.0000,22
scene-0103_028,roll_0.5deg,roll,0.5deg,34720,8.1423,3,62,100.0000,175,0.0883,0.7996,,0,100.0000,40,100.0000,22
scene-0103_028,roll_1deg,roll,1deg,34720,8.4274,3,62,90.3226,175,0.0728,0.6600,,0,85.0000,40,100.0000,22
scene-0103_028,roll_2deg,roll,2deg,34720,8.7471,3,62,64.5161,177,0.1010,0.9149,,0,75.0000,40,45.4545,22
scene-0103_028,roll_3deg,roll,3deg,34720,9.0812,3,62,29.0323,174,0.0905,0.8203,,0,37.5000,40,13.6364,22
scene-0103_028,tx_2cm,tx,2cm,34720,8.0415,3,62,100.0000,174,0.1116,1.0109,,0,100.0000,40,100.0000,22
scene-0103_028,tx_5cm,tx,5cm,34720,8.0271,3,62,100.0000,174,0.1102,0.9984,,0,100.0000,40,100.0000,22
scene-0103_028,tx_10cm,tx,10cm,34720,8.0156,3,62,100.0000,177,0.1146,1.0383,,0,100.0000,40,100.0000,22
scene-0103_028,ty_2cm,ty,2cm,34720,8.0616,3,62,100.0000,178,0.1080,0.9783,,0,100.0000,40,100.0000,22
scene-0103_028,ty_5cm,ty,5cm,34720,8.0991,3,62,100.0000,177,0.1089,0.9869,,0,100.0000,40,100.0000,22
scene-0103_028,ty_10cm,ty,10cm,34720,8.1682,3,62,100.0000,182,0.1053,0.9542,,0,100.0000,40,100.0000,22
scene-0103_028,tz_2cm,tz,2cm,34720,8.0847,3,62,100.0000,175,0.1108,1.0042,,0,100.0000,40,100.0000,22
scene-0103_028,tz_5cm,tz,5cm,34720,8.1394,3,62,100.0000,173,0.1119,1.0134,,0,100.0000,40,100.0000,22
scene-0103_028,tz_10cm,tz,10cm,34720,8.4361,3,62,100.0000,169,0.1090,0.9872,,0,100.0000,40,100.0000,22
scene-0103_032,baseline,baseline,0,34752,8.1636,7,277,100.0000,135,0.1153,1.0000,100.0000,138,100.0000,129,100.0000,10
scene-0103_032,yaw_0.5deg,yaw,0.5deg,34752,8.1693,7,277,100.0000,134,0.1207,1.0469,100.0000,138,100.0000,129,100.0000,10
scene-0103_032,yaw_1deg,yaw,1deg,34752,8.1463,7,277,97.8339,136,0.0899,0.7801,97.8261,138,97.6744,129,100.0000,10
scene-0103_032,yaw_2deg,yaw,2deg,34752,8.1233,7,277,87.3646,133,0.0905,0.7853,87.6812,138,86.0465,129,100.0000,10
scene-0103_032,yaw_3deg,yaw,3deg,34752,8.1175,7,277,72.9242,132,0.0702,0.6090,78.9855,138,65.8915,129,80.0000,10
scene-0103_032,pitch_0.5deg,pitch,0.5deg,34752,8.1923,7,277,100.0000,136,0.1071,0.9288,100.0000,138,100.0000,129,100.0000,10
scene-0103_032,pitch_1deg,pitch,1deg,34752,8.1952,7,277,100.0000,134,0.1014,0.8791,100.0000,138,100.0000,129,100.0000,10
scene-0103_032,pitch_2deg,pitch,2deg,34752,8.1808,7,277,100.0000,133,0.1300,1.1272,100.0000,138,100.0000,129,100.0000,10
scene-0103_032,pitch_3deg,pitch,3deg,34752,8.1837,7,277,98.5560,138,0.1464,1.2694,100.0000,138,96.8992,129,100.0000,10
scene-0103_032,roll_0.5deg,roll,0.5deg,34752,8.2902,7,277,99.6390,132,0.0990,0.8591,100.0000,138,99.2248,129,100.0000,10
scene-0103_032,roll_1deg,roll,1deg,34752,8.5779,7,277,96.3899,131,0.1121,0.9727,100.0000,138,92.2481,129,100.0000,10
scene-0103_032,roll_2deg,roll,2deg,34752,8.8628,7,277,84.1155,134,0.0986,0.8550,92.7536,138,79.8450,129,20.0000,10
scene-0103_032,roll_3deg,roll,3deg,34752,9.2225,7,277,72.9242,135,0.1051,0.9118,92.0290,138,56.5891,129,20.0000,10
scene-0103_032,tx_2cm,tx,2cm,34752,8.1779,7,277,100.0000,136,0.1170,1.0145,100.0000,138,100.0000,129,100.0000,10
scene-0103_032,tx_5cm,tx,5cm,34752,8.1722,7,277,99.2780,134,0.1059,0.9188,98.5507,138,100.0000,129,100.0000,10
scene-0103_032,tx_10cm,tx,10cm,34752,8.1722,7,277,98.9170,132,0.1178,1.0216,97.8261,138,100.0000,129,100.0000,10
scene-0103_032,ty_2cm,ty,2cm,34752,8.2125,7,277,100.0000,137,0.1175,1.0187,100.0000,138,100.0000,129,100.0000,10
scene-0103_032,ty_5cm,ty,5cm,34752,8.2470,7,277,100.0000,135,0.1097,0.9513,100.0000,138,100.0000,129,100.0000,10
scene-0103_032,ty_10cm,ty,10cm,34752,8.3017,7,277,100.0000,140,0.1069,0.9269,100.0000,138,100.0000,129,100.0000,10
scene-0103_032,tz_2cm,tz,2cm,34752,8.2154,7,277,100.0000,135,0.1156,1.0025,100.0000,138,100.0000,129,100.0000,10
scene-0103_032,tz_5cm,tz,5cm,34752,8.2787,7,277,100.0000,138,0.1088,0.9439,100.0000,138,100.0000,129,100.0000,10
scene-0103_032,tz_10cm,tz,10cm,34752,8.5664,7,277,100.0000,137,0.1160,1.0065,100.0000,138,100.0000,129,100.0000,10
scene-0103_036,baseline,baseline,0,34752,8.0427,5,244,100.0000,118,0.1648,1.0000,100.0000,99,100.0000,121,100.0000,24
scene-0103_036,yaw_0.5deg,yaw,0.5deg,34752,8.0686,5,244,98.7705,116,0.1442,0.8752,100.0000,99,97.5207,121,100.0000,24
scene-0103_036,yaw_1deg,yaw,1deg,34752,8.0427,5,244,94.6721,117,0.1469,0.8914,100.0000,99,90.9091,121,91.6667,24
scene-0103_036,yaw_2deg,yaw,2deg,34752,8.0427,5,244,87.2951,116,0.2154,1.3071,93.9394,99,86.7769,121,62.5000,24
scene-0103_036,yaw_3deg,yaw,3deg,34752,8.0168,5,244,77.0492,122,0.2056,1.2480,88.8889,99,76.8595,121,29.1667,24
scene-0103_036,pitch_0.5deg,pitch,0.5deg,34752,8.0744,5,244,99.5902,115,0.1735,1.0531,100.0000,99,99.1736,121,100.0000,24
scene-0103_036,pitch_1deg,pitch,1deg,34752,8.0801,5,244,99.5902,116,0.1632,0.9902,100.0000,99,99.1736,121,100.0000,24
scene-0103_036,pitch_2deg,pitch,2deg,34752,8.0513,5,244,99.5902,115,0.1666,1.0110,100.0000,99,99.1736,121,100.0000,24
scene-0103_036,pitch_3deg,pitch,3deg,34752,8.0628,5,244,99.5902,116,0.1597,0.9692,100.0000,99,99.1736,121,100.0000,24
scene-0103_036,roll_0.5deg,roll,0.5deg,34752,8.1693,5,244,100.0000,116,0.1147,0.6960,100.0000,99,100.0000,121,100.0000,24
scene-0103_036,roll_1deg,roll,1deg,34752,8.4599,5,244,100.0000,118,0.1215,0.7373,100.0000,99,100.0000,121,100.0000,24
scene-0103_036,roll_2deg,roll,2deg,34752,8.7707,5,244,90.1639,121,0.1044,0.6334,93.9394,99,90.9091,121,70.8333,24
scene-0103_036,roll_3deg,roll,3deg,34752,9.0930,5,244,84.4262,123,0.1081,0.6560,89.8990,99,87.6033,121,45.8333,24
scene-0103_036,tx_2cm,tx,2cm,34752,8.0427,5,244,99.5902,117,0.1624,0.9856,98.9899,99,100.0000,121,100.0000,24
scene-0103_036,tx_5cm,tx,5cm,34752,8.0341,5,244,99.5902,113,0.1761,1.0689,98.9899,99,100.0000,121,100.0000,24
scene-0103_036,tx_10cm,tx,10cm,34752,8.0254,5,244,97.5410,111,0.1637,0.9933,93.9394,99,100.0000,121,100.0000,24
scene-0103_036,ty_2cm,ty,2cm,34752,8.0887,5,244,100.0000,116,0.1680,1.0197,100.0000,99,100.0000,121,100.0000,24
scene-0103_036,ty_5cm,ty,5cm,34752,8.1262,5,244,100.0000,119,0.1777,1.0782,100.0000,99,100.0000,121,100.0000,24
scene-0103_036,ty_10cm,ty,10cm,34752,8.1779,5,244,100.0000,117,0.1901,1.1537,100.0000,99,100.0000,121,100.0000,24
scene-0103_036,tz_2cm,tz,2cm,34752,8.0974,5,244,100.0000,122,0.1745,1.0587,100.0000,99,100.0000,121,100.0000,24
scene-0103_036,tz_5cm,tz,5cm,34752,8.1549,5,244,100.0000,123,0.1816,1.1022,100.0000,99,100.0000,121,100.0000,24
scene-0103_036,tz_10cm,tz,10cm,34752,8.4657,5,244,100.0000,124,0.1380,0.8373,100.0000,99,100.0000,121,100.0000,24
scene-1094_000,baseline,baseline,0,34400,10.3169,4,531,100.0000,171,0.2061,1.0000,100.0000,437,100.0000,33,100.0000,61
scene-1094_000,yaw_0.5deg,yaw,0.5deg,34400,10.3459,4,531,99.8117,172,0.1838,0.8918,100.0000,437,96.9697,33,100.0000,61
scene-1094_000,yaw_1deg,yaw,1deg,34400,10.3779,4,531,98.3051,170,0.2203,1.0686,99.0847,437,84.8485,33,100.0000,61
scene-1094_000,yaw_2deg,yaw,2deg,34400,10.4273,4,531,91.5254,168,0.2352,1.1409,93.1350,437,60.6061,33,96.7213,61
scene-1094_000,yaw_3deg,yaw,3deg,34400,10.4593,4,531,85.8757,172,0.2942,1.4274,87.6430,437,51.5152,33,91.8033,61
scene-1094_000,pitch_0.5deg,pitch,0.5deg,34400,10.3198,4,531,100.0000,170,0.2260,1.0962,100.0000,437,100.0000,33,100.0000,61
scene-1094_000,pitch_1deg,pitch,1deg,34400,10.3110,4,531,100.0000,174,0.1964,0.9529,100.0000,437,100.0000,33,100.0000,61
scene-1094_000,pitch_2deg,pitch,2deg,34400,10.3169,4,531,100.0000,176,0.2092,1.0150,100.0000,437,100.0000,33,100.0000,61
scene-1094_000,pitch_3deg,pitch,3deg,34400,10.3256,4,531,97.7401,174,0.2082,1.0101,99.7712,437,78.7879,33,93.4426,61
scene-1094_000,roll_0.5deg,roll,0.5deg,34400,10.4971,4,531,100.0000,179,0.2572,1.2476,100.0000,437,100.0000,33,100.0000,61
scene-1094_000,roll_1deg,roll,1deg,34400,10.5959,4,531,94.5386,181,0.2567,1.2451,93.3638,437,100.0000,33,100.0000,61
scene-1094_000,roll_2deg,roll,2deg,34400,11.0203,4,531,87.3823,196,0.3028,1.4690,91.3043,437,78.7879,33,63.9344,61
scene-1094_000,roll_3deg,roll,3deg,34400,11.4477,4,531,78.7194,197,0.2394,1.1613,88.7872,437,30.3030,33,32.7869,61
scene-1094_000,tx_2cm,tx,2cm,34400,10.3198,4,531,100.0000,175,0.2224,1.0789,100.0000,437,100.0000,33,100.0000,61
scene-1094_000,tx_5cm,tx,5cm,34400,10.3256,4,531,100.0000,172,0.2109,1.0231,100.0000,437,100.0000,33,100.0000,61
scene-1094_000,tx_10cm,tx,10cm,34400,10.3401,4,531,100.0000,166,0.2190,1.0626,100.0000,437,100.0000,33,100.0000,61
scene-1094_000,ty_2cm,ty,2cm,34400,10.3547,4,531,100.0000,172,0.2093,1.0153,100.0000,437,100.0000,33,100.0000,61
scene-1094_000,ty_5cm,ty,5cm,34400,10.4070,4,531,100.0000,172,0.2056,0.9973,100.0000,437,100.0000,33,100.0000,61
scene-1094_000,ty_10cm,ty,10cm,34400,10.4913,4,531,100.0000,172,0.1938,0.9401,100.0000,437,100.0000,33,100.0000,61
scene-1094_000,tz_2cm,tz,2cm,34400,10.3983,4,531,100.0000,190,0.1970,0.9558,100.0000,437,100.0000,33,100.0000,61
scene-1094_000,tz_5cm,tz,5cm,34400,10.4826,4,531,100.0000,196,0.2644,1.2827,100.0000,437,100.0000,33,100.0000,61
scene-1094_000,tz_10cm,tz,10cm,34400,10.5930,4,531,94.5386,156,0.2481,1.2036,93.3638,437,100.0000,33,100.0000,61
scene-1094_004,baseline,baseline,0,34720,10.3744,3,426,100.0000,151,0.3174,1.0000,100.0000,331,100.0000,95,,0
scene-1094_004,yaw_0.5deg,yaw,0.5deg,34720,10.3658,3,426,99.7653,148,0.2826,0.8906,100.0000,331,98.9474,95,,0
scene-1094_004,yaw_1deg,yaw,1deg,34720,10.3485,3,426,97.6526,150,0.3202,1.0089,99.0937,331,92.6316,95,,0
scene-1094_004,yaw_2deg,yaw,2deg,34720,10.2477,3,426,94.1315,137,0.3127,0.9854,95.7704,331,88.4211,95,,0
scene-1094_004,yaw_3deg,yaw,3deg,34720,10.1699,3,426,88.4977,123,0.3650,1.1502,89.4260,331,85.2632,95,,0
scene-1094_004,pitch_0.5deg,pitch,0.5deg,34720,10.3658,3,426,100.0000,156,0.3085,0.9720,100.0000,331,100.0000,95,,0
scene-1094_004,pitch_1deg,pitch,1deg,34720,10.3629,3,426,99.5305,152,0.3109,0.9798,99.3958,331,100.0000,95,,0
scene-1094_004,pitch_2deg,pitch,2deg,34720,10.3600,3,426,98.3568,157,0.3037,0.9571,98.7915,331,96.8421,95,,0
scene-1094_004,pitch_3deg,pitch,3deg,34720,10.3600,3,426,94.3662,157,0.3065,0.9658,98.7915,331,78.9474,95,,0
scene-1094_004,roll_0.5deg,roll,0.5deg,34720,10.5472,3,426,99.0610,145,0.3607,1.1367,98.7915,331,100.0000,95,,0
scene-1094_004,roll_1deg,roll,1deg,34720,10.6480,3,426,98.8263,144,0.3103,0.9776,98.7915,331,98.9474,95,,0
scene-1094_004,roll_2deg,roll,2deg,34720,11.0657,3,426,85.6808,144,0.3007,0.9476,89.7281,331,71.5789,95,,0
scene-1094_004,roll_3deg,roll,3deg,34720,11.4919,3,426,73.4742,138,0.2770,0.8729,84.8943,331,33.6842,95,,0
scene-1094_004,tx_2cm,tx,2cm,34720,10.3629,3,426,100.0000,150,0.3065,0.9657,100.0000,331,100.0000,95,,0
scene-1094_004,tx_5cm,tx,5cm,34720,10.3543,3,426,100.0000,154,0.3199,1.0080,100.0000,331,100.0000,95,,0
scene-1094_004,tx_10cm,tx,10cm,34720,10.3514,3,426,100.0000,150,0.3184,1.0032,100.0000,331,100.0000,95,,0
scene-1094_004,ty_2cm,ty,2cm,34720,10.4090,3,426,100.0000,153,0.3241,1.0212,100.0000,331,100.0000,95,,0
scene-1094_004,ty_5cm,ty,5cm,34720,10.4493,3,426,100.0000,153,0.3238,1.0203,100.0000,331,100.0000,95,,0
scene-1094_004,ty_10cm,ty,10cm,34720,10.5357,3,426,100.0000,154,0.3075,0.9691,100.0000,331,100.0000,95,,0
scene-1094_004,tz_2cm,tz,2cm,34720,10.4551,3,426,99.5305,141,0.3242,1.0216,99.3958,331,100.0000,95,,0
scene-1094_004,tz_5cm,tz,5cm,34720,10.5415,3,426,99.0610,160,0.3318,1.0456,98.7915,331,100.0000,95,,0
scene-1094_004,tz_10cm,tz,10cm,34720,10.6509,3,426,99.0610,183,0.3475,1.0949,98.7915,331,100.0000,95,,0
scene-1094_008,baseline,baseline,0,34752,10.4915,5,512,100.0000,104,0.3738,1.0000,100.0000,409,100.0000,103,,0
scene-1094_008,yaw_0.5deg,yaw,0.5deg,34752,10.5030,5,512,98.8281,101,0.3321,0.8884,99.7555,409,95.1456,103,,0
scene-1094_008,yaw_1deg,yaw,1deg,34752,10.5087,5,512,96.6797,101,0.3170,0.8481,98.5330,409,89.3204,103,,0
scene-1094_008,yaw_2deg,yaw,2deg,34752,10.4944,5,512,90.6250,100,0.3398,0.9089,94.6210,409,74.7573,103,,0
scene-1094_008,yaw_3deg,yaw,3deg,34752,10.5116,5,512,82.8125,101,0.3261,0.8725,88.7531,409,59.2233,103,,0
scene-1094_008,pitch_0.5deg,pitch,0.5deg,34752,10.5087,5,512,99.8047,103,0.3820,1.0218,100.0000,409,99.0291,103,,0
scene-1094_008,pitch_1deg,pitch,1deg,34752,10.5174,5,512,99.8047,107,0.4264,1.1406,100.0000,409,99.0291,103,,0
scene-1094_008,pitch_2deg,pitch,2deg,34752,10.5174,5,512,99.4141,107,0.3854,1.0310,100.0000,409,97.0874,103,,0
scene-1094_008,pitch_3deg,pitch,3deg,34752,10.5289,5,512,93.3594,107,0.3547,0.9488,93.8875,409,91.2621,103,,0
scene-1094_008,roll_0.5deg,roll,0.5deg,34752,10.6843,5,512,100.0000,109,0.4533,1.2127,100.0000,409,100.0000,103,,0
scene-1094_008,roll_1deg,roll,1deg,34752,10.7792,5,512,96.0938,111,0.3556,0.9515,95.1100,409,100.0000,103,,0
scene-1094_008,roll_2deg,roll,2deg,34752,11.2339,5,512,81.8359,119,0.3618,0.9680,88.7531,409,54.3689,103,,0
scene-1094_008,roll_3deg,roll,3deg,34752,11.6137,5,512,76.1719,123,0.3471,0.9285,83.1296,409,48.5437,103,,0
scene-1094_008,tx_2cm,tx,2cm,34752,10.5030,5,512,100.0000,104,0.3957,1.0586,100.0000,409,100.0000,103,,0
scene-1094_008,tx_5cm,tx,5cm,34752,10.4972,5,512,100.0000,102,0.4052,1.0840,100.0000,409,100.0000,103,,0
scene-1094_008,tx_10cm,tx,10cm,34752,10.5001,5,512,100.0000,107,0.4145,1.1090,100.0000,409,100.0000,103,,0
scene-1094_008,ty_2cm,ty,2cm,34752,10.5318,5,512,100.0000,104,0.3609,0.9654,100.0000,409,100.0000,103,,0
scene-1094_008,ty_5cm,ty,5cm,34752,10.5951,5,512,100.0000,106,0.3669,0.9816,100.0000,409,100.0000,103,,0
scene-1094_008,ty_10cm,ty,10cm,34752,10.6699,5,512,100.0000,107,0.3517,0.9409,100.0000,409,100.0000,103,,0
scene-1094_008,tz_2cm,tz,2cm,34752,10.5749,5,512,100.0000,116,0.4109,1.0994,100.0000,409,100.0000,103,,0
scene-1094_008,tz_5cm,tz,5cm,34752,10.6728,5,512,100.0000,141,0.4385,1.1731,100.0000,409,100.0000,103,,0
scene-1094_008,tz_10cm,tz,10cm,34752,10.7620,5,512,100.0000,165,0.4100,1.0970,100.0000,409,100.0000,103,,0
scene-1094_012,baseline,baseline,0,34752,9.7376,7,376,100.0000,156,0.1956,1.0000,100.0000,64,100.0000,312,,0
scene-1094_012,yaw_0.5deg,yaw,0.5deg,34752,9.7721,7,376,97.8723,160,0.1845,0.9433,89.0625,64,99.6795,312,,0
scene-1094_012,yaw_1deg,yaw,1deg,34752,9.8383,7,376,95.4787,157,0.1653,0.8449,81.2500,64,98.3974,312,,0
scene-1094_012,yaw_2deg,yaw,2deg,34752,9.9534,7,376,87.2340,161,0.1845,0.9433,70.3125,64,90.7051,312,,0
scene-1094_012,yaw_3deg,yaw,3deg,34752,10.0109,7,376,76.0638,158,0.1837,0.9390,51.5625,64,81.0897,312,,0
scene-1094_012,pitch_0.5deg,pitch,0.5deg,34752,9.7404,7,376,99.7340,161,0.1797,0.9184,98.4375,64,100.0000,312,,0
scene-1094_012,pitch_1deg,pitch,1deg,34752,9.7347,7,376,99.4681,156,0.1545,0.7896,96.8750,64,100.0000,312,,0
scene-1094_012,pitch_2deg,pitch,2deg,34752,9.7347,7,376,99.4681,159,0.1194,0.6101,96.8750,64,100.0000,312,,0
scene-1094_012,pitch_3deg,pitch,3deg,34752,9.7289,7,376,98.1383,158,0.1418,0.7248,95.3125,64,98.7179,312,,0
scene-1094_012,roll_0.5deg,roll,0.5deg,34752,9.9304,7,376,100.0000,158,0.1630,0.8333,100.0000,64,100.0000,312,,0
scene-1094_012,roll_1deg,roll,1deg,34752,10.0167,7,376,99.4681,158,0.1590,0.8129,100.0000,64,99.3590,312,,0
scene-1094_012,roll_2deg,roll,2deg,34752,10.4598,7,376,89.0957,159,0.2408,1.2305,87.5000,64,89.4231,312,,0
scene-1094_012,roll_3deg,roll,3deg,34752,10.8541,7,376,60.3723,158,0.1497,0.7653,62.5000,64,59.9359,312,,0
scene-1094_012,tx_2cm,tx,2cm,34752,9.7289,7,376,100.0000,158,0.2051,1.0485,100.0000,64,100.0000,312,,0
scene-1094_012,tx_5cm,tx,5cm,34752,9.7433,7,376,100.0000,161,0.1992,1.0184,100.0000,64,100.0000,312,,0
scene-1094_012,tx_10cm,tx,10cm,34752,9.7261,7,376,100.0000,164,0.2015,1.0297,100.0000,64,100.0000,312,,0
scene-1094_012,ty_2cm,ty,2cm,34752,9.7750,7,376,100.0000,158,0.2049,1.0474,100.0000,64,100.0000,312,,0
scene-1094_012,ty_5cm,ty,5cm,34752,9.8239,7,376,100.0000,156,0.2016,1.0306,100.0000,64,100.0000,312,,0
scene-1094_012,ty_10cm,ty,10cm,34752,9.9217,7,376,100.0000,156,0.1940,0.9914,100.0000,64,100.0000,312,,0
scene-1094_012,tz_2cm,tz,2cm,34752,9.8210,7,376,100.0000,159,0.2063,1.0543,100.0000,64,100.0000,312,,0
scene-1094_012,tz_5cm,tz,5cm,34752,9.9217,7,376,100.0000,161,0.1878,0.9597,100.0000,64,100.0000,312,,0
scene-1094_012,tz_10cm,tz,10cm,34752,10.0138,7,376,100.0000,159,0.2013,1.0289,100.0000,64,100.0000,312,,0
scene-1094_016,baseline,baseline,0,34816,8.0136,6,138,99.2754,167,0.1863,1.0000,93.7500,16,100.0000,105,100.0000,17
scene-1094_016,yaw_0.5deg,yaw,0.5deg,34816,8.0164,6,138,100.0000,168,0.2048,1.0995,100.0000,16,100.0000,105,100.0000,17
scene-1094_016,yaw_1deg,yaw,1deg,34816,8.0480,6,138,89.1304,177,0.1897,1.0183,37.5000,16,98.0952,105,82.3529,17
scene-1094_016,yaw_2deg,yaw,2deg,34816,8.1141,6,138,74.6377,184,0.1791,0.9618,0.0000,16,89.5238,105,52.9412,17
scene-1094_016,yaw_3deg,yaw,3deg,34816,8.1284,6,138,60.8696,186,0.1639,0.8798,0.0000,16,74.2857,105,35.2941,17
scene-1094_016,pitch_0.5deg,pitch,0.5deg,34816,8.0193,6,138,100.0000,162,0.1888,1.0134,100.0000,16,100.0000,105,100.0000,17
scene-1094_016,pitch_1deg,pitch,1deg,34816,8.0365,6,138,100.0000,168,0.1709,0.9178,100.0000,16,100.0000,105,100.0000,17
scene-1094_016,pitch_2deg,pitch,2deg,34816,8.0337,6,138,95.6522,166,0.1707,0.9163,93.7500,16,95.2381,105,100.0000,17
scene-1094_016,pitch_3deg,pitch,3deg,34816,8.0452,6,138,94.2029,166,0.1946,1.0448,93.7500,16,93.3333,105,100.0000,17
scene-1094_016,roll_0.5deg,roll,0.5deg,34816,8.2031,6,138,95.6522,163,0.1592,0.8548,93.7500,16,95.2381,105,100.0000,17
scene-1094_016,roll_1deg,roll,1deg,34816,8.2979,6,138,86.9565,163,0.1403,0.7535,100.0000,16,95.2381,105,23.5294,17
scene-1094_016,roll_2deg,roll,2deg,34816,8.7259,6,138,77.5362,160,0.1647,0.8840,93.7500,16,83.8095,105,23.5294,17
scene-1094_016,roll_3deg,roll,3deg,34816,9.1050,6,138,42.7536,155,0.1519,0.8157,87.5000,16,42.8571,105,0.0000,17
scene-1094_016,tx_2cm,tx,2cm,34816,8.0049,6,138,95.6522,160,0.1914,1.0276,62.5000,16,100.0000,105,100.0000,17
scene-1094_016,tx_5cm,tx,5cm,34816,8.0136,6,138,95.6522,163,0.1887,1.0128,62.5000,16,100.0000,105,100.0000,17
scene-1094_016,tx_10cm,tx,10cm,34816,8.0164,6,138,92.0290,165,0.1946,1.0448,31.2500,16,100.0000,105,100.0000,17
scene-1094_016,ty_2cm,ty,2cm,34816,8.0509,6,138,100.0000,166,0.1776,0.9534,100.0000,16,100.0000,105,100.0000,17
scene-1094_016,ty_5cm,ty,5cm,34816,8.1170,6,138,100.0000,166,0.1949,1.0461,100.0000,16,100.0000,105,100.0000,17
scene-1094_016,ty_10cm,ty,10cm,34816,8.2175,6,138,100.0000,164,0.1838,0.9869,100.0000,16,100.0000,105,100.0000,17
scene-1094_016,tz_2cm,tz,2cm,34816,8.1026,6,138,99.2754,164,0.1949,1.0463,93.7500,16,100.0000,105,100.0000,17
scene-1094_016,tz_5cm,tz,5cm,34816,8.2031,6,138,99.2754,158,0.2088,1.1209,93.7500,16,100.0000,105,100.0000,17
scene-1094_016,tz_10cm,tz,10cm,34816,8.2950,6,138,99.2754,151,0.1862,0.9997,93.7500,16,100.0000,105,100.0000,17
scene-1094_020,baseline,baseline,0,34720,8.0789,3,82,100.0000,169,0.1896,1.0000,,0,100.0000,82,,0
scene-1094_020,yaw_0.5deg,yaw,0.5deg,34720,8.0415,3,82,96.3415,171,0.1813,0.9561,,0,96.3415,82,,0
scene-1094_020,yaw_1deg,yaw,1deg,34720,8.0444,3,82,92.6829,175,0.1865,0.9834,,0,92.6829,82,,0
scene-1094_020,yaw_2deg,yaw,2deg,34720,8.0156,3,82,75.6098,168,0.2200,1.1603,,0,75.6098,82,,0
scene-1094_020,yaw_3deg,yaw,3deg,34720,7.9637,3,82,60.9756,161,0.1696,0.8942,,0,60.9756,82,,0
scene-1094_020,pitch_0.5deg,pitch,0.5deg,34720,8.0933,3,82,100.0000,168,0.2038,1.0745,,0,100.0000,82,,0
scene-1094_020,pitch_1deg,pitch,1deg,34720,8.0933,3,82,100.0000,172,0.2208,1.1646,,0,100.0000,82,,0
scene-1094_020,pitch_2deg,pitch,2deg,34720,8.1020,3,82,100.0000,177,0.1917,1.0108,,0,100.0000,82,,0
scene-1094_020,pitch_3deg,pitch,3deg,34720,8.0933,3,82,95.1220,174,0.1628,0.8584,,0,95.1220,82,,0
scene-1094_020,roll_0.5deg,roll,0.5deg,34720,8.2316,3,82,92.6829,172,0.1754,0.9249,,0,92.6829,82,,0
scene-1094_020,roll_1deg,roll,1deg,34720,8.3209,3,82,92.6829,171,0.1865,0.9835,,0,92.6829,82,,0
scene-1094_020,roll_2deg,roll,2deg,34720,8.7673,3,82,71.9512,168,0.2152,1.1348,,0,71.9512,82,,0
scene-1094_020,roll_3deg,roll,3deg,34720,9.1590,3,82,53.6585,169,0.1544,0.8142,,0,53.6585,82,,0
scene-1094_020,tx_2cm,tx,2cm,34720,8.0789,3,82,100.0000,174,0.1929,1.0172,,0,100.0000,82,,0
scene-1094_020,tx_5cm,tx,5cm,34720,8.0991,3,82,98.7805,174,0.1804,0.9513,,0,98.7805,82,,0
scene-1094_020,tx_10cm,tx,10cm,34720,8.1164,3,82,96.3415,183,0.2100,1.1072,,0,96.3415,82,,0
scene-1094_020,ty_2cm,ty,2cm,34720,8.1221,3,82,100.0000,171,0.1940,1.0228,,0,100.0000,82,,0
scene-1094_020,ty_5cm,ty,5cm,34720,8.1970,3,82,100.0000,177,0.1974,1.0407,,0,100.0000,82,,0
scene-1094_020,ty_10cm,ty,10cm,34720,8.2892,3,82,100.0000,173,0.1887,0.9951,,0,100.0000,82,,0
scene-1094_020,tz_2cm,tz,2cm,34720,8.1596,3,82,100.0000,170,0.1802,0.9502,,0,100.0000,82,,0
scene-1094_020,tz_5cm,tz,5cm,34720,8.2373,3,82,100.0000,168,0.1851,0.9759,,0,100.0000,82,,0
scene-1094_020,tz_10cm,tz,10cm,34720,8.4159,3,82,100.0000,181,0.1798,0.9479,,0,100.0000,82,,0
scene-1094_024,baseline,baseline,0,34688,8.5995,2,32,100.0000,240,0.1655,1.0000,,0,100.0000,32,,0
scene-1094_024,yaw_0.5deg,yaw,0.5deg,34688,8.5563,2,32,96.8750,233,0.1441,0.8708,,0,96.8750,32,,0
scene-1094_024,yaw_1deg,yaw,1deg,34688,8.5303,2,32,84.3750,229,0.1235,0.7463,,0,84.3750,32,,0
scene-1094_024,yaw_2deg,yaw,2deg,34688,8.4467,2,32,46.8750,221,0.1583,0.9565,,0,46.8750,32,,0
scene-1094_024,yaw_3deg,yaw,3deg,34688,8.4294,2,32,21.8750,219,0.1036,0.6262,,0,21.8750,32,,0
scene-1094_024,pitch_0.5deg,pitch,0.5deg,34688,8.6082,2,32,100.0000,239,0.1677,1.0131,,0,100.0000,32,,0
scene-1094_024,pitch_1deg,pitch,1deg,34688,8.6168,2,32,100.0000,238,0.1755,1.0606,,0,100.0000,32,,0
scene-1094_024,pitch_2deg,pitch,2deg,34688,8.6370,2,32,100.0000,242,0.1691,1.0218,,0,100.0000,32,,0
scene-1094_024,pitch_3deg,pitch,3deg,34688,8.6428,2,32,96.8750,242,0.1682,1.0160,,0,96.8750,32,,0
scene-1094_024,roll_0.5deg,roll,0.5deg,34688,8.7955,2,32,100.0000,237,0.1807,1.0921,,0,100.0000,32,,0
scene-1094_024,roll_1deg,roll,1deg,34688,8.8820,2,32,96.8750,240,0.1690,1.0213,,0,96.8750,32,,0
scene-1094_024,roll_2deg,roll,2deg,34688,9.3116,2,32,68.7500,238,0.1500,0.9063,,0,68.7500,32,,0
scene-1094_024,roll_3deg,roll,3deg,34688,9.6806,2,32,56.2500,239,0.1110,0.6705,,0,56.2500,32,,0
scene-1094_024,tx_2cm,tx,2cm,34688,8.5995,2,32,100.0000,239,0.1694,1.0238,,0,100.0000,32,,0
scene-1094_024,tx_5cm,tx,5cm,34688,8.6082,2,32,96.8750,238,0.1769,1.0688,,0,96.8750,32,,0
scene-1094_024,tx_10cm,tx,10cm,34688,8.6082,2,32,96.8750,234,0.1670,1.0093,,0,96.8750,32,,0
scene-1094_024,ty_2cm,ty,2cm,34688,8.6428,2,32,100.0000,236,0.1657,1.0014,,0,100.0000,32,,0
scene-1094_024,ty_5cm,ty,5cm,34688,8.6889,2,32,100.0000,242,0.1651,0.9976,,0,100.0000,32,,0
scene-1094_024,ty_10cm,ty,10cm,34688,8.7898,2,32,100.0000,236,0.1653,0.9988,,0,100.0000,32,,0
scene-1094_024,tz_2cm,tz,2cm,34688,8.6889,2,32,100.0000,243,0.1729,1.0447,,0,100.0000,32,,0
scene-1094_024,tz_5cm,tz,5cm,34688,8.7869,2,32,100.0000,241,0.1714,1.0354,,0,100.0000,32,,0
scene-1094_024,tz_10cm,tz,10cm,34688,8.8792,2,32,100.0000,228,0.1743,1.0530,,0,100.0000,32,,0
scene-1094_028,baseline,baseline,0,34752,8.5779,1,36,100.0000,250,0.1365,1.0000,100.0000,36,,0,,0
scene-1094_028,yaw_0.5deg,yaw,0.5deg,34752,8.5607,1,36,100.0000,250,0.1226,0.8979,100.0000,36,,0,,0
scene-1094_028,yaw_1deg,yaw,1deg,34752,8.5376,1,36,97.2222,238,0.1491,1.0921,97.2222,36,,0,,0
scene-1094_028,yaw_2deg,yaw,2deg,34752,8.4916,1,36,97.2222,234,0.1295,0.9483,97.2222,36,,0,,0
scene-1094_028,yaw_3deg,yaw,3deg,34752,8.5031,1,36,80.5556,233,0.1209,0.8854,80.5556,36,,0,,0
scene-1094_028,pitch_0.5deg,pitch,0.5deg,34752,8.5866,1,36,100.0000,253,0.1204,0.8821,100.0000,36,,0,,0
scene-1094_028,pitch_1deg,pitch,1deg,34752,8.5894,1,36,100.0000,252,0.1053,0.7713,100.0000,36,,0,,0
scene-1094_028,pitch_2deg,pitch,2deg,34752,8.5779,1,36,100.0000,256,0.1251,0.9159,100.0000,36,,0,,0
scene-1094_028,pitch_3deg,pitch,3deg,34752,8.5837,1,36,91.6667,250,0.1355,0.9921,91.6667,36,,0,,0
scene-1094_028,roll_0.5deg,roll,0.5deg,34752,8.7563,1,36,100.0000,248,0.1047,0.7668,100.0000,36,,0,,0
scene-1094_028,roll_1deg,roll,1deg,34752,8.8369,1,36,91.6667,242,0.0951,0.6962,91.6667,36,,0,,0
scene-1094_028,roll_2deg,roll,2deg,34752,9.2513,1,36,91.6667,243,0.1172,0.8582,91.6667,36,,0,,0
scene-1094_028,roll_3deg,roll,3deg,34752,9.6196,1,36,80.5556,241,0.0943,0.6908,80.5556,36,,0,,0
scene-1094_028,tx_2cm,tx,2cm,34752,8.5750,1,36,100.0000,253,0.1337,0.9796,100.0000,36,,0,,0
scene-1094_028,tx_5cm,tx,5cm,34752,8.5808,1,36,100.0000,254,0.1345,0.9853,100.0000,36,,0,,0
scene-1094_028,tx_10cm,tx,10cm,34752,8.5923,1,36,94.4444,252,0.1345,0.9853,94.4444,36,,0,,0
scene-1094_028,ty_2cm,ty,2cm,34752,8.6211,1,36,100.0000,251,0.1391,1.0187,100.0000,36,,0,,0
scene-1094_028,ty_5cm,ty,5cm,34752,8.6815,1,36,100.0000,257,0.1295,0.9481,100.0000,36,,0,,0
scene-1094_028,ty_10cm,ty,10cm,34752,8.7736,1,36,100.0000,257,0.1407,1.0304,100.0000,36,,0,,0
scene-1094_028,tz_2cm,tz,2cm,34752,8.6700,1,36,100.0000,243,0.1273,0.9325,100.0000,36,,0,,0
scene-1094_028,tz_5cm,tz,5cm,34752,8.7535,1,36,100.0000,229,0.1290,0.9448,100.0000,36,,0,,0
scene-1094_028,tz_10cm,tz,10cm,34752,8.8398,1,36,100.0000,215,0.1360,0.9958,100.0000,36,,0,,0
scene-1094_032,baseline,baseline,0,34784,8.6218,1,108,100.0000,198,0.0872,1.0000,,0,100.0000,108,,0
scene-1094_032,yaw_0.5deg,yaw,0.5deg,34784,8.5930,1,108,100.0000,201,0.0840,0.9631,,0,100.0000,108,,0
scene-1094_032,yaw_1deg,yaw,1deg,34784,8.6045,1,108,96.2963,209,0.0872,0.9996,,0,96.2963,108,,0
scene-1094_032,yaw_2deg,yaw,2deg,34784,8.6333,1,108,87.9630,220,0.0812,0.9304,,0,87.9630,108,,0
scene-1094_032,yaw_3deg,yaw,3deg,34784,8.5959,1,108,80.5556,217,0.0924,1.0590,,0,80.5556,108,,0
scene-1094_032,pitch_0.5deg,pitch,0.5deg,34784,8.6304,1,108,100.0000,198,0.1077,1.2348,,0,100.0000,108,,0
scene-1094_032,pitch_1deg,pitch,1deg,34784,8.6275,1,108,100.0000,200,0.1167,1.3377,,0,100.0000,108,,0
scene-1094_032,pitch_2deg,pitch,2deg,34784,8.6390,1,108,100.0000,204,0.1030,1.1812,,0,100.0000,108,,0
scene-1094_032,pitch_3deg,pitch,3deg,34784,8.6448,1,108,100.0000,205,0.0902,1.0346,,0,100.0000,108,,0
scene-1094_032,roll_0.5deg,roll,0.5deg,34784,8.8000,1,108,100.0000,199,0.0915,1.0488,,0,100.0000,108,,0
scene-1094_032,roll_1deg,roll,1deg,34784,8.8805,1,108,98.1481,196,0.0779,0.8937,,0,98.1481,108,,0
scene-1094_032,roll_2deg,roll,2deg,34784,9.2830,1,108,94.4444,198,0.0829,0.9506,,0,94.4444,108,,0
scene-1094_032,roll_3deg,roll,3deg,34784,9.6280,1,108,76.8519,197,0.0510,0.5851,,0,76.8519,108,,0
scene-1094_032,tx_2cm,tx,2cm,34784,8.6247,1,108,100.0000,198,0.0951,1.0905,,0,100.0000,108,,0
scene-1094_032,tx_5cm,tx,5cm,34784,8.6304,1,108,100.0000,200,0.0972,1.1146,,0,100.0000,108,,0
scene-1094_032,tx_10cm,tx,10cm,34784,8.6275,1,108,100.0000,199,0.1015,1.1640,,0,100.0000,108,,0
scene-1094_032,ty_2cm,ty,2cm,34784,8.6735,1,108,100.0000,200,0.0889,1.0194,,0,100.0000,108,,0
scene-1094_032,ty_5cm,ty,5cm,34784,8.7253,1,108,100.0000,199,0.0883,1.0129,,0,100.0000,108,,0
scene-1094_032,ty_10cm,ty,10cm,34784,8.8144,1,108,100.0000,203,0.0964,1.1052,,0,100.0000,108,,0
scene-1094_032,tz_2cm,tz,2cm,34784,8.7080,1,108,100.0000,197,0.0893,1.0235,,0,100.0000,108,,0
scene-1094_032,tz_5cm,tz,5cm,34784,8.7971,1,108,100.0000,196,0.0881,1.0099,,0,100.0000,108,,0
scene-1094_032,tz_10cm,tz,10cm,34784,8.8776,1,108,100.0000,192,0.0976,1.1192,,0,100.0000,108,,0
scene-1094_036,baseline,baseline,0,34720,7.9493,1,17,100.0000,193,0.1028,1.0000,,0,,0,100.0000,17
scene-1094_036,yaw_0.5deg,yaw,0.5deg,34720,7.9435,1,17,100.0000,192,0.1041,1.0126,,0,,0,100.0000,17
scene-1094_036,yaw_1deg,yaw,1deg,34720,7.9464,1,17,82.3529,190,0.0822,0.8000,,0,,0,82.3529,17
scene-1094_036,yaw_2deg,yaw,2deg,34720,7.9119,1,17,47.0588,187,0.1177,1.1455,,0,,0,47.0588,17
scene-1094_036,yaw_3deg,yaw,3deg,34720,7.9003,1,17,11.7647,181,0.1221,1.1883,,0,,0,11.7647,17
scene-1094_036,pitch_0.5deg,pitch,0.5deg,34720,7.9637,1,17,100.0000,192,0.1382,1.3442,,0,,0,100.0000,17
scene-1094_036,pitch_1deg,pitch,1deg,34720,7.9579,1,17,100.0000,191,0.1237,1.2040,,0,,0,100.0000,17
scene-1094_036,pitch_2deg,pitch,2deg,34720,7.9695,1,17,100.0000,195,0.1035,1.0068,,0,,0,100.0000,17
scene-1094_036,pitch_3deg,pitch,3deg,34720,7.9666,1,17,100.0000,193,0.1025,0.9970,,0,,0,100.0000,17
scene-1094_036,roll_0.5deg,roll,0.5deg,34720,8.1077,1,17,100.0000,189,0.0933,0.9083,,0,,0,100.0000,17
scene-1094_036,roll_1deg,roll,1deg,34720,8.1826,1,17,100.0000,188,0.0933,0.9081,,0,,0,100.0000,17
scene-1094_036,roll_2deg,roll,2deg,34720,8.6031,1,17,47.0588,183,0.1109,1.0793,,0,,0,47.0588,17
scene-1094_036,roll_3deg,roll,3deg,34720,8.9372,1,17,0.0000,178,0.1237,1.2036,,0,,0,0.0000,17
scene-1094_036,tx_2cm,tx,2cm,34720,7.9551,1,17,100.0000,190,0.1078,1.0484,,0,,0,100.0000,17
scene-1094_036,tx_5cm,tx,5cm,34720,7.9637,1,17,100.0000,193,0.1131,1.1000,,0,,0,100.0000,17
scene-1094_036,tx_10cm,tx,10cm,34720,7.9724,1,17,100.0000,187,0.1069,1.0399,,0,,0,100.0000,17
scene-1094_036,ty_2cm,ty,2cm,34720,7.9925,1,17,100.0000,193,0.1039,1.0111,,0,,0,100.0000,17
scene-1094_036,ty_5cm,ty,5cm,34720,8.0588,1,17,100.0000,183,0.1083,1.0534,,0,,0,100.0000,17
scene-1094_036,ty_10cm,ty,10cm,34720,8.1567,1,17,100.0000,186,0.1106,1.0764,,0,,0,100.0000,17
scene-1094_036,tz_2cm,tz,2cm,34720,8.0357,1,17,100.0000,182,0.1009,0.9820,,0,,0,100.0000,17
scene-1094_036,tz_5cm,tz,5cm,34720,8.1135,1,17,100.0000,176,0.1087,1.0575,,0,,0,100.0000,17
scene-1094_036,tz_10cm,tz,10cm,34720,8.1970,1,17,100.0000,173,0.0963,0.9367,,0,,0,100.0000,17
